Region,Meadow,Site,TidalRegime,Transect,Year,BladeID,Prevalence,Severity,LesionArea,BladeArea
SJ,SJ_A,A,inter,A,2018,1,1,0.02523807,119.0606,4717.5
SJ,SJ_A,A,inter,A,2018,2,1,0.3256123,2429.882,7462.5
SJ,SJ_A,A,inter,A,2018,3,1,0.04702862,130.0812,2766
SJ,SJ_A,A,inter,A,2018,4,1,0.3685746,1636.471,4440
SJ,SJ_A,A,inter,A,2018,5,1,0.1576435,593.6854,3766
SJ,SJ_A,A,inter,A,2018,6,1,0.375316,2462.073,6560
SJ,SJ_A,A,inter,A,2018,7,1,0.08519025,139.712,1640
SJ,SJ_A,A,inter,A,2018,8,1,0.3694332,2373.239,6424
SJ,SJ_A,A,inter,A,2018,9,1,0.03903916,141.7122,3630
SJ,SJ_A,A,inter,A,2018,10,1,0.2197534,1082.945,4928
SJ,SJ_A,A,inter,A,2018,11,1,0.05702476,231.9197,4067
SJ,SJ_A,A,inter,A,2018,12,1,0.2029918,814.809,4014
SJ,SJ_A,A,inter,A,2018,13,1,0.1181815,704.6574,5962.5
SJ,SJ_A,A,inter,A,2018,14,1,0.3209946,1575.442,4908
SJ,SJ_A,A,inter,A,2018,15,1,0.04498561,261.6813,5817
SJ,SJ_A,A,inter,A,2018,16,1,0.1103612,450.3842,4081
SJ,SJ_A,A,inter,A,2018,17,1,0.7078742,2063.453,2915
SJ,SJ_A,A,inter,A,2018,18,1,0.2170316,877.3503,4042.5
SJ,SJ_A,A,inter,A,2018,19,1,0.6048686,2637.227,4360
SJ,SJ_A,A,inter,A,2018,20,1,0.34227,2450.654,7160
SJ,SJ_A,A,inter,A,2018,21,1,0.5584617,2640.407,4728
SJ,SJ_A,A,inter,A,2018,22,1,0.05197526,269.5957,5187
SJ,SJ_A,A,inter,A,2018,23,1,0.2206917,636.6956,2885
SJ,SJ_A,A,inter,A,2018,24,1,0.1033619,347.296,3360
SJ,SJ_A,A,inter,A,2018,25,1,0.1713027,370.8704,2165
SJ,SJ_A,A,inter,A,2018,26,1,0.3943512,916.8666,2325
SJ,SJ_A,A,inter,A,2018,27,1,0.2646031,1533.64,5796
SJ,SJ_A,A,inter,A,2018,28,1,0.5372804,1763.891,3283
SJ,SJ_A,A,inter,A,2018,29,1,0.4944617,2367.482,4788
SJ,SJ_A,A,inter,A,2018,30,1,0.106908,213.8161,2000
SJ,SJ_A,A,inter,A,2018,31,1,0.1729014,1002.137,5796
SJ,SJ_A,A,inter,A,2018,32,1,0.01754754,37.69211,2148
SJ,SJ_A,A,inter,A,2018,33,1,0.4516561,2197.307,4865
SJ,SJ_A,A,inter,A,2018,34,1,0.439144,2542.644,5790
SJ,SJ_A,A,inter,A,2018,35,1,0.1501307,397.2458,2646
SJ,SJ_A,A,inter,A,2018,36,1,0.2727582,757.7223,2778
SJ,SJ_A,A,inter,A,2018,37,1,0.05622259,159.6721,2840
SJ,SJ_A,A,inter,A,2018,38,1,0.3041632,903.3647,2970
SJ,SJ_A,A,inter,A,2018,39,1,0.6360258,2354.568,3702
SJ,SJ_A,A,inter,A,2018,40,1,0.215151,454.3989,2112
SJ,SJ_A,A,inter,B,2018,41,1,0.09735085,383.1729,3936
SJ,SJ_A,A,inter,B,2018,42,1,0.3984394,837.1212,2101
SJ,SJ_A,A,inter,B,2018,43,1,0.02082638,77.47415,3720
SJ,SJ_A,A,inter,B,2018,44,1,0.1303647,214.4499,1645
SJ,SJ_A,A,inter,B,2018,45,1,0.3219582,740.5038,2300
SJ,SJ_A,A,inter,B,2018,46,1,0.5647957,3398.941,6018
SJ,SJ_A,A,inter,B,2018,47,1,0.3561487,1098.363,3084
SJ,SJ_A,A,inter,B,2018,48,1,0.1288627,396.2529,3075
SJ,SJ_A,A,inter,B,2018,49,1,0.211591,487.7173,2305
SJ,SJ_A,A,inter,B,2018,50,1,0.2882212,1250.303,4338
SJ,SJ_A,A,inter,B,2018,51,1,0.2058891,630.8442,3064
SJ,SJ_A,A,inter,B,2018,52,1,0.1792647,534.2089,2980
SJ,SJ_A,A,inter,B,2018,53,1,0.5879469,2411.464,4101.5
SJ,SJ_A,A,inter,B,2018,54,1,0.7481998,3497.086,4674
SJ,SJ_A,A,inter,B,2018,55,1,0.8540311,2013.805,2358
SJ,SJ_A,A,inter,B,2018,56,1,0.3851543,1659.245,4308
SJ,SJ_A,A,inter,B,2018,57,1,0.5736506,3128.117,5453
SJ,SJ_A,A,inter,B,2018,58,1,0.5251002,1097.459,2090
SJ,SJ_A,A,inter,B,2018,59,1,0.2161135,329.573,1525
SJ,SJ_A,A,inter,B,2018,60,1,0.3345264,1428.428,4270
SJ,SJ_A,A,inter,B,2018,61,1,0.2661196,1434.385,5390
SJ,SJ_A,A,inter,B,2018,62,1,0.1674091,341.5147,2040
SJ,SJ_A,A,inter,B,2018,63,1,0.6709606,1482.823,2210
SJ,SJ_A,A,inter,B,2018,64,1,0.4020954,920.3964,2289
SJ,SJ_A,A,inter,B,2018,65,1,0.494155,1010.053,2044
SJ,SJ_A,A,inter,B,2018,66,1,0.07750828,297.6318,3840
SJ,SJ_A,A,inter,B,2018,67,1,0.2189125,511.1606,2335
SJ,SJ_A,A,inter,B,2018,68,1,0.258183,542.1844,2100
SJ,SJ_A,A,inter,B,2018,69,1,0.4445409,1564.784,3520
SJ,SJ_A,A,inter,B,2018,70,1,0.5123856,2517.863,4914
SJ,SJ_A,A,inter,B,2018,71,1,0.5286541,2586.705,4893
SJ,SJ_A,A,inter,B,2018,72,1,0.04025173,62.30968,1548
SJ,SJ_A,A,inter,B,2018,73,1,0.2735673,426.7649,1560
SJ,SJ_A,A,inter,B,2018,74,1,0.7899847,1090.574,1380.5
SJ,SJ_A,A,inter,B,2018,75,1,0.3015944,968.118,3210
SJ,SJ_A,A,inter,B,2018,76,1,0.4307709,785.7261,1824
SJ,SJ_A,A,inter,B,2018,77,1,0.4819668,1156.72,2400
SJ,SJ_A,A,inter,B,2018,78,1,0.4092426,1355.002,3311
SJ,SJ_A,A,inter,B,2018,79,1,0.4831535,720.8651,1492
SJ,SJ_A,A,inter,B,2018,80,1,0.1294691,213.624,1650
SJ,SJ_A,A,inter,C,2018,81,1,0.2954368,781.7258,2646
SJ,SJ_A,A,inter,C,2018,82,1,0.2068795,420.9997,2035
SJ,SJ_A,A,inter,C,2018,83,1,0.2515553,949.3698,3774
SJ,SJ_A,A,inter,C,2018,84,1,0.2295154,703.1205,3063.5
SJ,SJ_A,A,inter,C,2018,85,1,0.04013241,88.89328,2215
SJ,SJ_A,A,inter,C,2018,86,1,0.2063375,379.661,1840
SJ,SJ_A,A,inter,C,2018,87,1,0.4645367,665.2165,1432
SJ,SJ_A,A,inter,C,2018,88,1,0.2961617,642.6709,2170
SJ,SJ_A,A,inter,C,2018,89,1,0.4748392,2230.32,4697
SJ,SJ_A,A,inter,C,2018,90,1,0.1633813,572.4882,3504
SJ,SJ_A,A,inter,C,2018,91,1,0.4698585,2373.725,5052
SJ,SJ_A,A,inter,C,2018,92,1,0.4750998,900.3142,1895
SJ,SJ_A,A,inter,C,2018,93,1,0.3239676,945.9853,2920
SJ,SJ_A,A,inter,C,2018,94,1,0.3327742,1431.595,4302
SJ,SJ_A,A,inter,C,2018,95,1,0.2775351,438.5055,1580
SJ,SJ_A,A,inter,C,2018,96,1,0.2669809,688.8107,2580
SJ,SJ_A,A,inter,C,2018,97,1,0.2738361,1648.494,6020
SJ,SJ_A,A,inter,C,2018,98,1,0.4224352,2655.428,6286
SJ,SJ_A,A,inter,C,2018,99,1,0.2690893,619.9817,2304
SJ,SJ_A,A,inter,C,2018,100,1,0.7417874,2180.855,2940
SJ,SJ_A,A,inter,C,2018,101,1,0.6054398,1480.3,2445
SJ,SJ_A,A,inter,C,2018,102,1,0.4667215,851.7667,1825
SJ,SJ_A,A,inter,C,2018,103,1,0.3696794,1069.113,2892
SJ,SJ_A,A,inter,C,2018,104,1,0.1974518,347.5151,1760
SJ,SJ_A,A,inter,C,2018,105,1,0.272456,673.2387,2471
SJ,SJ_A,A,inter,C,2018,106,1,0.1024463,257.5499,2514
SJ,SJ_A,A,inter,C,2018,107,1,0.1721708,362.6778,2106.5
SJ,SJ_A,A,inter,C,2018,108,1,0.09106506,225.386,2475
SJ,SJ_A,A,inter,C,2018,109,1,0.2438055,301.7093,1237.5
SJ,SJ_A,A,inter,C,2018,110,1,0.3177706,678.7579,2136
SJ,SJ_A,A,inter,C,2018,111,1,0.6400311,1990.497,3110
SJ,SJ_A,A,inter,C,2018,112,1,0.506122,1257.207,2484
SJ,SJ_A,A,inter,C,2018,113,1,0.455533,1390.515,3052.5
SJ,SJ_A,A,inter,C,2018,114,1,0.2812281,595.5006,2117.5
SJ,SJ_A,A,inter,C,2018,115,1,0.7901272,2168.109,2744
SJ,SJ_A,A,inter,C,2018,116,1,0.3236093,457.9072,1415
SJ,SJ_A,A,inter,C,2018,117,1,0.8551996,2612.635,3055
SJ,SJ_A,A,inter,C,2018,118,1,0.7266163,2532.984,3486
SJ,SJ_A,A,inter,C,2018,119,1,0.5165996,795.5634,1540
SJ,SJ_B,B,inter,A,2018,1,1,0.09848372,336.2234,3414
SJ,SJ_B,B,inter,A,2018,2,1,0.2006252,644.0068,3210
SJ,SJ_B,B,inter,A,2018,3,1,0.02591393,69.06061,2665
SJ,SJ_B,B,inter,A,2018,4,1,0.07599575,246.1882,3239.5
SJ,SJ_B,B,inter,A,2018,5,1,0.2383207,672.0644,2820
SJ,SJ_B,B,inter,A,2018,6,1,0.4886891,1363.443,2790
SJ,SJ_B,B,inter,A,2018,7,1,0.05543666,138.5916,2500
SJ,SJ_B,B,inter,A,2018,8,1,0.000795894,2.280236,2865
SJ,SJ_B,B,inter,A,2018,9,1,0.5640643,2182.929,3870
SJ,SJ_B,B,inter,A,2018,10,1,0.2686039,1299.237,4837
SJ,SJ_B,B,inter,A,2018,11,1,0.09135827,176.3215,1930
SJ,SJ_B,B,inter,A,2018,12,1,0.02886479,39.60248,1372
SJ,SJ_B,B,inter,A,2018,13,1,0.2831899,778.7723,2750
SJ,SJ_B,B,inter,A,2018,14,1,0.1235862,321.8184,2604
SJ,SJ_B,B,inter,A,2018,15,1,0.02244916,51.29632,2285
SJ,SJ_B,B,inter,A,2018,16,1,0.1407627,427.3556,3036
SJ,SJ_B,B,inter,A,2018,17,1,0.5652469,1531.819,2710
SJ,SJ_B,B,inter,A,2018,18,1,0.3419558,1358.248,3972
SJ,SJ_B,B,inter,A,2018,19,1,0.1806942,497.6318,2754
SJ,SJ_B,B,inter,A,2018,20,1,0.3807291,965.1483,2535
SJ,SJ_B,B,inter,A,2018,21,1,0.04561547,175.1634,3840
SJ,SJ_B,B,inter,A,2018,22,1,0.08313749,156.2985,1880
SJ,SJ_B,B,inter,A,2018,23,1,0.2723752,915.1806,3360
SJ,SJ_B,B,inter,A,2018,24,1,0.1018861,245.5455,2410
SJ,SJ_B,B,inter,A,2018,25,1,0.04002416,159.2161,3978
SJ,SJ_B,B,inter,A,2018,26,1,0.3024287,1101.445,3642
SJ,SJ_B,B,inter,A,2018,27,1,0.1746935,572.296,3276
SJ,SJ_B,B,inter,A,2018,28,1,0.434726,869.452,2000
SJ,SJ_B,B,inter,A,2018,29,1,0.4226412,1098.867,2600
SJ,SJ_B,B,inter,A,2018,30,1,0.1979087,515.5523,2605
SJ,SJ_B,B,inter,A,2018,31,1,0.2807527,857.4188,3054
SJ,SJ_B,B,inter,A,2018,32,1,0.5309151,901.4938,1698
SJ,SJ_B,B,inter,A,2018,33,1,0.006411887,17.34415,2705
SJ,SJ_B,B,inter,A,2018,34,1,0.004022264,6.69707,1665
SJ,SJ_B,B,inter,A,2018,35,1,0.1100967,126.8314,1152
SJ,SJ_B,B,inter,A,2018,36,1,0.5299728,1205.688,2275
SJ,SJ_B,B,inter,A,2018,37,1,0.1825987,461.0618,2525
SJ,SJ_B,B,inter,A,2018,38,1,0.1086269,390.4051,3594
SJ,SJ_B,B,inter,A,2018,39,1,0.4546354,1391.184,3060
SJ,SJ_B,B,inter,A,2018,40,1,0.2455849,799.3788,3255
SJ,SJ_B,B,inter,B,2018,41,1,0.001325111,6.907139,5212.5
SJ,SJ_B,B,inter,B,2018,42,1,0.002653144,8.564349,3228
SJ,SJ_B,B,inter,B,2018,43,1,0.06715049,297.5438,4431
SJ,SJ_B,B,inter,B,2018,44,1,0.05484621,250.702,4571
SJ,SJ_B,B,inter,B,2018,45,1,0.09693124,470.892,4858
SJ,SJ_B,B,inter,B,2018,46,1,0.7192475,2542.54,3535
SJ,SJ_B,B,inter,B,2018,47,1,0.3614299,1668.36,4616
SJ,SJ_B,B,inter,B,2018,48,1,0.1436357,449.8671,3132
SJ,SJ_B,B,inter,B,2018,49,1,0.1699303,350.7361,2064
SJ,SJ_B,B,inter,B,2018,50,1,0.1400605,448.7539,3204
SJ,SJ_B,B,inter,B,2018,51,1,0.1608345,803.3683,4995
SJ,SJ_B,B,inter,B,2018,52,1,0.1632998,703.0056,4305
SJ,SJ_B,B,inter,B,2018,53,1,0.1961269,491.8863,2508
SJ,SJ_B,B,inter,B,2018,54,1,0.006219313,14.13028,2272
SJ,SJ_B,B,inter,B,2018,55,1,0.1533846,385.5322,2513.5
SJ,SJ_B,B,inter,B,2018,56,1,0.1013168,268.996,2655
SJ,SJ_B,B,inter,B,2018,57,1,0.02794794,131.0758,4690
SJ,SJ_B,B,inter,B,2018,58,1,0.06999477,227.203,3246
SJ,SJ_B,B,inter,B,2018,59,1,0.2676813,909.0455,3396
SJ,SJ_B,B,inter,B,2018,60,0,0,0,1656
SJ,SJ_B,B,inter,B,2018,61,1,0.0358629,123.727,3450
SJ,SJ_B,B,inter,B,2018,62,1,0.08543402,282.9575,3312
SJ,SJ_B,B,inter,B,2018,63,1,0.003331146,6.768888,2032
SJ,SJ_B,B,inter,B,2018,64,1,0.09649579,220.0104,2280
SJ,SJ_B,B,inter,B,2018,65,1,0.04717705,168.7051,3576
SJ,SJ_B,B,inter,B,2018,66,1,0.008643134,13.69937,1585
SJ,SJ_B,B,inter,B,2018,67,1,0.04793274,99.22077,2070
SJ,SJ_B,B,inter,B,2018,68,1,0.1414983,430.1548,3040
SJ,SJ_B,B,inter,B,2018,69,1,0.1552441,484.3615,3120
SJ,SJ_B,B,inter,B,2018,70,1,0.4352759,1209.196,2778
SJ,SJ_B,B,inter,B,2018,71,1,0.09477502,522.779,5516
SJ,SJ_B,B,inter,B,2018,72,1,0.5364938,2403.492,4480
SJ,SJ_B,B,inter,B,2018,73,1,0.1286803,372.1434,2892
SJ,SJ_B,B,inter,B,2018,74,1,0.3077497,1126.672,3661
SJ,SJ_B,B,inter,B,2018,75,1,0.1493618,457.0472,3060
SJ,SJ_B,B,inter,B,2018,76,1,0.4432749,1010.667,2280
SJ,SJ_B,B,inter,B,2018,77,1,0.2046484,644.6423,3150
SJ,SJ_B,B,inter,B,2018,78,1,0.1661272,555.0309,3341
SJ,SJ_B,B,inter,B,2018,79,1,0.9839309,1554.611,1580
SJ,SJ_B,B,inter,B,2018,80,1,0.2632319,799.6984,3038
SJ,SJ_B,B,inter,C,2018,81,0,0,0,3750
SJ,SJ_B,B,inter,C,2018,82,1,0.000867695,2.334099,2690
SJ,SJ_B,B,inter,C,2018,83,1,0.02595944,93.22034,3591
SJ,SJ_B,B,inter,C,2018,84,1,0.1719555,284.7583,1656
SJ,SJ_B,B,inter,C,2018,85,1,0.0160022,52.90326,3306
SJ,SJ_B,B,inter,C,2018,86,1,0.0941232,263.545,2800
SJ,SJ_B,B,inter,C,2018,87,1,0.06985953,202.5926,2900
SJ,SJ_B,B,inter,C,2018,88,1,0.0840666,297.0914,3534
SJ,SJ_B,B,inter,C,2018,89,1,0.06885495,156.645,2275
SJ,SJ_B,B,inter,C,2018,90,1,0.2540231,723.9658,2850
SJ,SJ_B,B,inter,C,2018,91,1,0.1616958,748.9748,4632
SJ,SJ_B,B,inter,C,2018,92,1,0.07152361,169.8686,2375
SJ,SJ_B,B,inter,C,2018,93,0,0,0,4032
SJ,SJ_B,B,inter,C,2018,94,1,0.1161789,684.7583,5894
SJ,SJ_B,B,inter,C,2018,95,1,0.1404577,809.0366,5760
SJ,SJ_B,B,inter,C,2018,96,1,0.0000754,0.2334099,3096
SJ,SJ_B,B,inter,C,2018,97,1,0.009923366,23.40922,2359
SJ,SJ_B,B,inter,C,2018,98,1,0.183745,382.5571,2082
SJ,SJ_B,B,inter,C,2018,99,1,0.02569334,73.56004,2863
SJ,SJ_B,B,inter,C,2018,100,1,0.4791367,1046.914,2185
SJ,SJ_B,B,inter,C,2018,101,1,0.1450246,401.7183,2770
SJ,SJ_B,B,inter,C,2018,102,1,0.08828949,313.0745,3546
SJ,SJ_B,B,inter,C,2018,103,1,0.003093783,6.558819,2120
SJ,SJ_B,B,inter,C,2018,104,1,0.1376471,352.6519,2562
SJ,SJ_B,B,inter,C,2018,105,1,0.116576,405.6844,3480
SJ,SJ_B,B,inter,C,2018,106,1,0.1201963,268.6387,2235
SJ,SJ_B,B,inter,C,2018,107,1,0.4078664,1468.319,3600
SJ,SJ_B,B,inter,C,2018,108,1,0.0132206,74.59063,5642
SJ,SJ_B,B,inter,C,2018,109,1,0.01078533,16.95454,1572
SJ,SJ_B,B,inter,C,2018,110,1,0.2695942,593.1072,2200
SJ,SJ_B,B,inter,C,2018,111,1,0.0239992,54.59818,2275
SJ,SJ_B,B,inter,C,2018,112,1,0.1293842,468.8883,3624
SJ,SJ_B,B,inter,C,2018,113,1,0.285597,1136.105,3978
SJ,SJ_B,B,inter,C,2018,114,1,0.02458591,69.35687,2821
SJ,SJ_B,B,inter,C,2018,115,1,0.2572952,971.032,3774
SJ,SJ_B,B,inter,C,2018,116,1,0.3167063,655.5821,2070
SJ,SJ_B,B,inter,C,2018,117,1,0.1257605,213.5414,1698
SJ,SJ_B,B,inter,C,2018,118,1,0.2248824,816.9976,3633
SJ,SJ_B,B,inter,C,2018,119,1,0.0166754,26.21373,1572
SJ,SJ_B,B,inter,C,2018,120,1,0.0815121,127.4849,1564
SJ,SJ_C,C,inter,A,2018,1,1,0.01025957,25.48477,2484
SJ,SJ_C,C,inter,A,2018,2,1,0.06225571,188.2613,3024
SJ,SJ_C,C,inter,A,2018,3,1,0.01773048,52.55315,2964
SJ,SJ_C,C,inter,A,2018,4,1,0.1363233,444.1414,3258
SJ,SJ_C,C,inter,A,2018,5,1,0.06596657,260.0402,3942
SJ,SJ_C,C,inter,A,2018,6,1,0.07928999,338.0925,4264
SJ,SJ_C,C,inter,A,2018,7,0,0,0,4683
SJ,SJ_C,C,inter,A,2018,8,1,0.06846481,334.656,4888
SJ,SJ_C,C,inter,A,2018,9,1,0.01539279,25.24418,1640
SJ,SJ_C,C,inter,A,2018,10,1,0.01795426,92.21309,5136
SJ,SJ_C,C,inter,A,2018,11,1,0.1289156,455.7167,3535
SJ,SJ_C,C,inter,A,2018,12,1,0.005291885,8.546395,1615
SJ,SJ_C,C,inter,A,2018,13,1,0.009931329,15.04596,1515
SJ,SJ_C,C,inter,A,2018,14,1,0.05201194,200.246,3850
SJ,SJ_C,C,inter,A,2018,15,1,0.1122205,530.5785,4728
SJ,SJ_C,C,inter,A,2018,16,1,0.0526367,122.2224,2322
SJ,SJ_C,C,inter,A,2018,17,1,0.001927066,4.416834,2292
SJ,SJ_C,C,inter,A,2018,18,0,0,0,2100
SJ,SJ_C,C,inter,A,2018,19,1,0.3694759,959.8984,2598
SJ,SJ_C,C,inter,A,2018,20,1,0.03345366,68.24548,2040
SJ,SJ_C,C,inter,A,2018,21,1,0.002360699,2.549555,1080
SJ,SJ_C,C,inter,A,2018,22,1,0.1416509,379.0577,2676
SJ,SJ_C,C,inter,A,2018,23,1,0.01894799,63.66525,3360
SJ,SJ_C,C,inter,A,2018,24,0,0,0,1795
SJ,SJ_C,C,inter,A,2018,25,1,0.132679,298.5277,2250
SJ,SJ_C,C,inter,A,2018,26,1,0.02305269,52.97508,2298
SJ,SJ_C,C,inter,A,2018,27,1,0.02079444,56.26975,2706
SJ,SJ_C,C,inter,A,2018,28,1,0.4279621,1763.204,4120
SJ,SJ_C,C,inter,A,2018,29,1,0.04735886,151.501,3199
SJ,SJ_C,C,inter,A,2018,30,1,0.09597967,289.0908,3012
SJ,SJ_C,C,inter,A,2018,31,1,0.2406109,496.8615,2065
SJ,SJ_C,C,inter,A,2018,32,1,0.01590784,33.07239,2079
SJ,SJ_C,C,inter,A,2018,33,1,0.2655167,556.5229,2096
SJ,SJ_C,C,inter,A,2018,34,1,0.03347884,46.2008,1380
SJ,SJ_C,C,inter,A,2018,35,1,0.08475648,113.5737,1340
SJ,SJ_C,C,inter,A,2018,36,0,0,0,1475
SJ,SJ_C,C,inter,A,2018,37,0,0,0,2233
SJ,SJ_C,C,inter,A,2018,38,1,0.1168534,175.2801,1500
SJ,SJ_C,C,inter,B,2018,39,0,0,0,3185
SJ,SJ_C,C,inter,B,2018,40,1,0.009012538,22.96395,2548
SJ,SJ_C,C,inter,B,2018,41,1,0.1448914,530.4474,3661
SJ,SJ_C,C,inter,B,2018,42,1,0.1170737,173.8545,1485
SJ,SJ_C,C,inter,B,2018,43,1,0.01997617,29.66461,1485
SJ,SJ_C,C,inter,B,2018,44,1,0.001388006,4.122379,2970
SJ,SJ_C,C,inter,B,2018,45,1,0.1558948,404.0793,2592
SJ,SJ_C,C,inter,B,2018,46,1,0.09714835,144.2653,1485
SJ,SJ_C,C,inter,B,2018,47,1,0.08937666,651.3771,7288
SJ,SJ_C,C,inter,B,2018,48,1,0.02006496,100.5656,5012
SJ,SJ_C,C,inter,B,2018,49,1,0.001104899,3.016375,2730
SJ,SJ_C,C,inter,B,2018,50,1,0.09061413,203.8818,2250
SJ,SJ_C,C,inter,B,2018,51,1,0.04803392,97.02851,2020
SJ,SJ_C,C,inter,B,2018,52,0,0,0,3066
SJ,SJ_C,C,inter,B,2018,53,1,0.003860916,5.135019,1330
SJ,SJ_C,C,inter,B,2018,54,1,0.1142024,516.4231,4522
SJ,SJ_C,C,inter,B,2018,55,0,0,0,1870
SJ,SJ_C,C,inter,B,2018,56,0,0,0,2422
SJ,SJ_C,C,inter,B,2018,57,1,0.188281,1005.609,5341
SJ,SJ_C,C,inter,B,2018,58,1,0.3505075,679.6341,1939
SJ,SJ_C,C,inter,B,2018,59,1,0.0436144,174.0215,3990
SJ,SJ_C,C,inter,B,2018,60,1,0.003701552,17.54165,4739
SJ,SJ_C,C,inter,B,2018,61,1,0.0448403,156.7617,3496
SJ,SJ_C,C,inter,B,2018,62,1,0.2963027,732.1639,2471
SJ,SJ_C,C,inter,B,2018,63,1,0.3966208,1783.207,4496
SJ,SJ_C,C,inter,B,2018,64,1,0.01942637,33.51049,1725
SJ,SJ_C,C,inter,B,2018,65,1,0.06183177,168.0587,2718
SJ,SJ_C,C,inter,B,2018,66,1,0.1829622,635.2449,3472
SJ,SJ_C,C,inter,B,2018,67,1,0.0414576,55.13861,1330
SJ,SJ_C,C,inter,B,2018,68,1,0.01025143,15.74619,1536
SJ,SJ_C,C,inter,B,2018,69,1,0.479675,1253.151,2612.5
SJ,SJ_C,C,inter,B,2018,70,1,0.1687662,298.7162,1770
SJ,SJ_C,C,inter,B,2018,71,1,0.3133456,800.5979,2555
SJ,SJ_C,C,inter,B,2018,72,1,0.06825047,128.1744,1878
SJ,SJ_C,C,inter,B,2018,73,1,0.01410838,30.55875,2166
SJ,SJ_C,C,inter,B,2018,74,1,0.1909384,516.2974,2704
SJ,SJ_C,C,inter,B,2018,75,1,0.05180384,99.15254,1914
SJ,SJ_C,C,inter,B,2018,76,1,0.1048383,101.6931,970
SJ,SJ_C,C,inter,B,2018,77,1,0.3513771,532.3363,1515
SJ,SJ_C,C,inter,B,2018,78,1,0.1932465,304.9429,1578
SJ,SJ_C,C,inter,B,2018,79,1,0.4872592,893.6333,1834
SJ,SJ_C,C,inter,B,2018,80,1,0.3935672,878.4419,2232
SJ,SJ_C,C,inter,C,2018,81,1,0.02160253,54.43838,2520
SJ,SJ_C,C,inter,C,2018,82,1,0.2435089,345.1738,1417.5
SJ,SJ_C,C,inter,C,2018,83,1,0.1487414,366.6475,2465
SJ,SJ_C,C,inter,C,2018,84,1,0.02941999,49.57268,1685
SJ,SJ_C,C,inter,C,2018,85,1,0.02558275,51.35737,2007.5
SJ,SJ_C,C,inter,C,2018,86,1,0.4190146,1021.348,2437.5
SJ,SJ_C,C,inter,C,2018,87,1,0.248441,561.4766,2260
SJ,SJ_C,C,inter,C,2018,88,1,0.07014583,119.9494,1710
SJ,SJ_C,C,inter,C,2018,89,1,0.006171575,12.89859,2090
SJ,SJ_C,C,inter,C,2018,90,1,0.4595966,777.6375,1692
SJ,SJ_C,C,inter,C,2018,91,1,0.04576911,86.77822,1896
SJ,SJ_C,C,inter,C,2018,92,0,0,0,1374
SJ,SJ_C,C,inter,C,2018,93,1,0.2186651,388.3493,1776
SJ,SJ_C,C,inter,C,2018,94,1,0.1481131,395.0176,2667
SJ,SJ_C,C,inter,C,2018,95,1,0.2561184,923.3069,3605
SJ,SJ_C,C,inter,C,2018,96,1,0.09089396,129.433,1424
SJ,SJ_C,C,inter,C,2018,97,1,0.1395291,293.7087,2105
SJ,SJ_C,C,inter,C,2018,98,1,0.1294936,274.2675,2118
SJ,SJ_C,C,inter,C,2018,99,1,0.1494753,300.4453,2010
SJ,SJ_C,C,inter,C,2018,100,1,0.3762817,489.1662,1300
SJ,SJ_C,C,inter,C,2018,101,1,0.06500097,141.5721,2178
SJ,SJ_C,C,inter,C,2018,102,1,0.1683172,227.2282,1350
SJ,SJ_C,C,inter,C,2018,103,1,0.1707481,246.2188,1442
SJ,SJ_C,C,inter,C,2018,104,1,0.2029856,539.9418,2660
SJ,SJ_C,C,inter,C,2018,105,1,0.2433577,570.9171,2346
SJ,SJ_C,C,inter,C,2018,106,1,0.3146114,556.8623,1770
SJ,SJ_C,C,inter,C,2018,107,1,0.02240118,28.67351,1280
SJ,SJ_C,C,inter,C,2018,108,1,0.6213877,472.5654,760.5
SJ,SJ_C,C,inter,C,2018,109,0,0,0,1035
SJ,SJ_C,C,inter,C,2018,110,1,0.4758187,793.6656,1668
SJ,SJ_C,C,inter,C,2018,111,1,0.1343699,180.7275,1345
SJ,SJ_C,C,inter,C,2018,112,1,0.2319895,314.3457,1355
SJ,SJ_C,C,inter,C,2018,113,1,0.03614168,76.76494,2124
SJ,SJ_C,C,inter,C,2018,114,1,0.1845267,218.3873,1183.5
SJ,SJ_C,C,inter,C,2018,115,1,0.5297108,725.7038,1370
SJ,SJ_C,C,inter,C,2018,116,1,0.2962627,593.118,2002
SJ,SJ_C,C,inter,C,2018,117,1,0.06186493,43.52198,703.5
SJ,SJ_C,C,inter,C,2018,118,1,0.03504859,42.40879,1210
SJ,SJ_C,C,inter,C,2018,119,1,0.04668199,50.64996,1085
SJ,SJ_C,C,inter,C,2018,120,1,0.2029754,169.2815,834
SJ,SJ_D,D,inter,A,2018,1,1,0.1300198,312.0475,2400
SJ,SJ_D,D,inter,A,2018,2,1,0.03315589,202.914,6120
SJ,SJ_D,D,inter,A,2018,3,0,0,0,4088.5
SJ,SJ_D,D,inter,A,2018,4,1,0.2981326,1300.156,4361
SJ,SJ_D,D,inter,A,2018,5,1,0.0516823,129.3091,2502
SJ,SJ_D,D,inter,A,2018,6,0,0,0,4606
SJ,SJ_D,D,inter,A,2018,7,0,0,0,2765
SJ,SJ_D,D,inter,A,2018,8,1,0.00513629,22.64076,4408
SJ,SJ_D,D,inter,A,2018,9,0,0,0,5580
SJ,SJ_D,D,inter,A,2018,10,1,0.152856,810.2898,5301
SJ,SJ_D,D,inter,A,2018,11,1,0.02076913,114.6456,5520
SJ,SJ_D,D,inter,A,2018,12,1,0.0484605,164.2811,3390
SJ,SJ_D,D,inter,A,2018,13,1,0.04329378,246.5581,5695
SJ,SJ_D,D,inter,A,2018,14,1,0.07944803,286.4102,3605
SJ,SJ_D,D,inter,A,2018,15,1,0.3602136,2125.26,5900
SJ,SJ_D,D,inter,A,2018,16,1,0.324734,1946.456,5994
SJ,SJ_D,D,inter,A,2018,17,1,0.5056972,2625.58,5192
SJ,SJ_D,D,inter,A,2018,18,1,0.001761226,8.312985,4720
SJ,SJ_D,D,inter,A,2018,19,1,0.1005531,396.0787,3939
SJ,SJ_D,D,inter,A,2018,20,1,0.09156894,386.5125,4221
SJ,SJ_D,D,inter,A,2018,21,1,0.05021694,320.5598,6383.5
SJ,SJ_D,D,inter,A,2018,22,1,0.1432538,992.3908,6927.5
SJ,SJ_D,D,inter,A,2018,23,1,0.2306991,1129.503,4896
SJ,SJ_D,D,inter,A,2018,24,1,0.4224799,1762.586,4172
SJ,SJ_D,D,inter,A,2018,25,1,0.2111428,982.4476,4653
SJ,SJ_D,D,inter,A,2018,26,1,0.2571583,1939.488,7542
SJ,SJ_D,D,inter,A,2018,27,1,0.01462649,68.45195,4680
SJ,SJ_D,D,inter,A,2018,28,1,0.1151314,907.2357,7880
SJ,SJ_D,D,inter,A,2018,29,1,0.218613,1341.847,6138
SJ,SJ_D,D,inter,A,2018,30,0,0,0,6705
SJ,SJ_D,D,inter,A,2018,31,0,0,0,2820
SJ,SJ_D,D,inter,A,2018,32,1,0.3217533,1385.148,4305
SJ,SJ_D,D,inter,A,2018,33,1,0.08496337,420.0589,4944
SJ,SJ_D,D,inter,A,2018,34,1,0.01639824,64.2811,3920
SJ,SJ_D,D,inter,A,2018,35,0,0,0,5032
SJ,SJ_D,D,inter,A,2018,36,0,0,0,2936
SJ,SJ_D,D,inter,A,2018,37,1,0.1075065,551.5082,5130
SJ,SJ_D,D,inter,A,2018,38,1,0.03241184,169.838,5240
SJ,SJ_D,D,inter,A,2018,39,1,0.06372198,331.864,5208
SJ,SJ_D,D,inter,A,2018,40,0,0,0,5877
SJ,SJ_D,D,inter,B,2018,41,1,0.04463003,165.8898,3717
SJ,SJ_D,D,inter,B,2018,42,1,0.001537779,10.62913,6912
SJ,SJ_D,D,inter,B,2018,43,1,0.006823812,32.37216,4744
SJ,SJ_D,D,inter,B,2018,44,1,0.03143126,105.609,3360
SJ,SJ_D,D,inter,B,2018,45,1,0.06556552,271.7035,4144
SJ,SJ_D,D,inter,B,2018,46,1,0.2049393,967.3136,4720
SJ,SJ_D,D,inter,B,2018,47,1,0.2754946,882.6846,3204
SJ,SJ_D,D,inter,B,2018,48,1,0.1634307,757.338,4634
SJ,SJ_D,D,inter,B,2018,49,0,0.00033367,1.13114,3390
SJ,SJ_D,D,inter,B,2018,50,1,0.04390416,156.4744,3564
SJ,SJ_D,D,inter,B,2018,51,1,0.03457055,121.4809,3514
SJ,SJ_D,D,inter,B,2018,52,1,0.00616722,21.45576,3479
SJ,SJ_D,D,inter,B,2018,53,1,0.1339939,663.5378,4952
SJ,SJ_D,D,inter,B,2018,54,0,0,0,4172
SJ,SJ_D,D,inter,B,2018,55,1,0.006543802,27.32692,4176
SJ,SJ_D,D,inter,B,2018,56,1,0.01044256,61.15161,5856
SJ,SJ_D,D,inter,B,2018,57,1,0.05323908,260.8715,4900
SJ,SJ_D,D,inter,B,2018,58,1,0.08652014,562.9866,6507
SJ,SJ_D,D,inter,B,2018,59,1,0.1286711,493.0677,3832
SJ,SJ_D,D,inter,B,2018,60,1,0.378482,1886.354,4984
SJ,SJ_D,D,inter,B,2018,61,1,0.448062,1712.493,3822
SJ,SJ_D,D,inter,B,2018,62,1,0.01154294,21.52758,1865
SJ,SJ_D,D,inter,B,2018,63,1,0.1917347,645.5706,3367
SJ,SJ_D,D,inter,B,2018,64,1,0.02754205,103.3378,3752
SJ,SJ_D,D,inter,B,2018,65,1,0.06786953,110.9667,1635
SJ,SJ_D,D,inter,B,2018,66,1,0.05147234,213.6617,4151
SJ,SJ_D,D,inter,B,2018,67,1,0.5034054,2501.925,4970
SJ,SJ_D,D,inter,B,2018,68,1,0.2366546,695.7645,2940
SJ,SJ_D,D,inter,B,2018,69,1,0.01652571,59.57519,3605
SJ,SJ_D,D,inter,B,2018,70,1,0.03828229,88.89148,2322
SJ,SJ_D,D,inter,B,2018,71,1,0.02620558,98.1399,3745
SJ,SJ_D,D,inter,B,2018,72,1,0.01026414,42.2472,4116
SJ,SJ_D,D,inter,B,2018,73,1,0.000514572,1.16705,2268
SJ,SJ_D,D,inter,B,2018,74,1,0.182961,584.0114,3192
SJ,SJ_D,D,inter,B,2018,75,1,0.2784685,1165.112,4184
SJ,SJ_D,D,inter,B,2018,76,1,0.04833334,155.9717,3227
SJ,SJ_D,D,inter,B,2018,77,1,0.2583474,862.6221,3339
SJ,SJ_D,D,inter,B,2018,78,1,0.1478438,473.9874,3206
SJ,SJ_D,D,inter,B,2018,79,1,0.1495872,611.5125,4088
SJ,SJ_D,D,inter,B,2018,80,1,0.07389475,174.3177,2359
SJ,SJ_D,D,inter,B,2018,81,1,0.3315479,813.6186,2454
SJ,SJ_D,D,inter,C,2018,82,1,0.2210442,435.0151,1968
SJ,SJ_D,D,inter,C,2018,83,1,0.06345093,191.4949,3018
SJ,SJ_D,D,inter,C,2018,84,1,0.07299735,154.7544,2120
SJ,SJ_D,D,inter,C,2018,85,1,0.05958419,114.9975,1930
SJ,SJ_D,D,inter,C,2018,86,1,0.06429294,164.5899,2560
SJ,SJ_D,D,inter,C,2018,87,1,0.1711692,318.3747,1860
SJ,SJ_D,D,inter,C,2018,88,1,0.1707782,653.0559,3824
SJ,SJ_D,D,inter,C,2018,89,1,0.2264834,680.1296,3003
SJ,SJ_D,D,inter,C,2018,90,1,0.341878,916.9168,2682
SJ,SJ_D,D,inter,C,2018,91,1,0.2676388,788.7317,2947
SJ,SJ_D,D,inter,C,2018,92,1,0.04006532,69.11268,1725
SJ,SJ_D,D,inter,C,2018,93,1,0.230736,537.1535,2328
SJ,SJ_D,D,inter,C,2018,94,1,0.4638942,1070.436,2307.5
SJ,SJ_D,D,inter,C,2018,95,1,0.4690694,1131.395,2412
SJ,SJ_D,D,inter,C,2018,96,1,0.8257575,3990.06,4832
SJ,SJ_D,D,inter,C,2018,97,1,0.4437079,636.7208,1435
SJ,SJ_D,D,inter,C,2018,98,1,0.3422568,616.0622,1800
SJ,SJ_D,D,inter,C,2018,99,1,0.2136657,526.4723,2464
SJ,SJ_D,D,inter,C,2018,100,1,0.324698,875.061,2695
SJ,SJ_D,D,inter,C,2018,101,1,0.2162288,490.4069,2268
SJ,SJ_D,D,inter,C,2018,102,1,0.7061062,1927.67,2730
SJ,SJ_D,D,inter,C,2018,103,1,0.3593573,1207.44,3360
SJ,SJ_D,D,inter,C,2018,104,1,0.07659919,262.7352,3430
SJ,SJ_D,D,inter,C,2018,105,1,0.216487,409.1604,1890
SJ,SJ_D,D,inter,C,2018,106,1,0.1423334,213.5001,1500
SJ,SJ_D,D,inter,C,2018,107,1,0.461115,1593.614,3456
SJ,SJ_D,D,inter,C,2018,108,1,0.1710396,315.0549,1842
SJ,SJ_D,D,inter,C,2018,109,1,0.07997668,428.9949,5364
SJ,SJ_D,D,inter,C,2018,110,1,0.347711,2259.426,6498
SJ,SJ_D,D,inter,C,2018,111,1,0.8220992,2439.99,2968
SJ,SJ_D,D,inter,C,2018,112,1,0.4599756,814.6168,1771
SJ,SJ_D,D,inter,C,2018,113,1,0.4792772,1179.022,2460
SJ,SJ_D,D,inter,C,2018,114,1,0.5973329,1887.572,3160
SJ,SJ_D,D,inter,C,2018,115,1,0.6460263,4069.966,6300
SJ,SJ_D,D,inter,C,2018,116,1,0.02769706,54.00926,1950
SJ,SJ_D,D,inter,C,2018,117,1,0.3703076,689.5127,1862
SJ,SJ_D,D,inter,C,2018,118,1,0.2131998,564.1267,2646
SJ,SJ_D,D,inter,C,2018,119,1,0.2761776,1404.363,5085
SJ,SJ_D,D,inter,C,2018,120,1,0.320489,756.3541,2360
SJ,SJ_D,D,inter,C,2018,121,1,0.3220292,732.6163,2275
SJ,SJ_E,E,inter,A,2018,1,1,0.00623946,7.546323,1209.451
SJ,SJ_E,E,inter,A,2018,2,1,0.04627597,54.32167,1173.863
SJ,SJ_E,E,inter,A,2018,3,1,0.0776199,122.4917,1578.097
SJ,SJ_E,E,inter,A,2018,4,1,0.01929174,14.26853,739.6186
SJ,SJ_E,E,inter,A,2018,5,0,0,0,1060.475
SJ,SJ_E,E,inter,A,2018,6,1,0.01704368,21.88128,1283.835
SJ,SJ_E,E,inter,A,2018,7,1,0.2650124,278.4096,1050.553
SJ,SJ_E,E,inter,A,2018,8,1,0.04281343,31.68091,739.9759
SJ,SJ_E,E,inter,A,2018,9,0,0,0,809.9486
SJ,SJ_E,E,inter,A,2018,10,1,0.03065527,34.00244,1109.187
SJ,SJ_E,E,inter,A,2018,11,1,0.000133659,0.113114,846.2906
SJ,SJ_E,E,inter,A,2018,12,0,0,0,798.0609
SJ,SJ_E,E,inter,A,2018,13,1,0.02035926,12.17323,597.9209
SJ,SJ_E,E,inter,A,2018,14,1,0.000117329,0.113114,964.0746
SJ,SJ_E,E,inter,A,2018,15,0,0,0,1206.668
SJ,SJ_E,E,inter,A,2018,16,1,0.002572692,3.537058,1374.847
SJ,SJ_E,E,inter,A,2018,17,1,0.006360214,10.39033,1633.645
SJ,SJ_E,E,inter,A,2018,18,0,0,0,520.7304
SJ,SJ_E,E,inter,A,2018,19,0,0,0,1032.997
SJ,SJ_E,E,inter,A,2018,20,0,0,0,839.7766
SJ,SJ_E,E,inter,A,2018,21,1,0.01446511,16.2974,1126.67
SJ,SJ_E,E,inter,A,2018,22,0,0,0,1628.384
SJ,SJ_E,E,inter,A,2018,23,1,0.06584592,61.90032,940.0783
SJ,SJ_E,E,inter,A,2018,24,1,0.02515988,28.28928,1124.381
SJ,SJ_E,E,inter,A,2018,25,1,0.00359432,2.253304,626.9068
SJ,SJ_E,E,inter,A,2018,26,1,0.000299268,0.4650244,1553.871
SJ,SJ_E,E,inter,A,2018,27,0,0,0,813.7317
SJ,SJ_E,E,inter,A,2018,28,1,0.04098088,11.96316,291.9204
SJ,SJ_E,E,inter,A,2018,29,1,0.008804476,17.79661,2021.314
SJ,SJ_E,E,inter,A,2018,30,1,0.01064468,20.20253,1897.899
SJ,SJ_E,E,inter,A,2018,31,1,0.2164659,202.6232,936.0511
SJ,SJ_E,E,inter,A,2018,32,0,0,0,627.1671
SJ,SJ_E,E,inter,A,2018,33,1,0.005305217,10.69197,2015.369
SJ,SJ_E,E,inter,A,2018,34,0,0,0,442.6907
SJ,SJ_E,E,inter,A,2018,35,1,0.03656805,25.20468,689.2542
SJ,SJ_E,E,inter,A,2018,36,1,0.03490281,30.76882,881.557
SJ,SJ_E,E,inter,A,2018,37,1,0.02087262,25.71459,1231.977
SJ,SJ_E,E,inter,A,2018,38,1,0.000224568,0.3070238,1367.177
SJ,SJ_E,E,inter,A,2018,39,1,0.1655499,195.2743,1179.55
SJ,SJ_E,E,inter,A,2018,40,1,0.01861139,15.82519,850.2963
SJ,SJ_E,E,inter,A,2018,41,0,0,0,209.8535
SJ,SJ_E,E,inter,B,2018,1,1,0.001392912,1.260414,904.8765
SJ,SJ_E,E,inter,B,2018,2,0,0,0,495.7717
SJ,SJ_E,E,inter,B,2018,3,1,0.01572771,5.19786,330.4905
SJ,SJ_E,E,inter,B,2018,4,1,0.005090604,3.176171,623.9281
SJ,SJ_E,E,inter,B,2018,5,1,0.009324345,5.93759,636.7836
SJ,SJ_E,E,inter,B,2018,6,0,0,0,409.9899
SJ,SJ_E,E,inter,B,2018,7,1,0.003286938,1.1868,361.0654
SJ,SJ_E,E,inter,B,2018,8,1,0.0009822,0.75948,773.244
SJ,SJ_E,E,inter,B,2018,9,1,0.007912697,8.699009,1099.373
SJ,SJ_E,E,inter,B,2018,10,0,0,0,540.4859
SJ,SJ_E,E,inter,B,2018,11,0,0,0,859.6793
SJ,SJ_E,E,inter,B,2018,12,0,0,0,952.0432
SJ,SJ_E,E,inter,B,2018,13,1,0.04133441,57.62891,1394.211
SJ,SJ_E,E,inter,B,2018,14,1,0.001906245,2.312554,1213.146
SJ,SJ_E,E,inter,B,2018,15,1,0.009604676,8.485349,883.4602
SJ,SJ_E,E,inter,B,2018,16,1,0.1382509,214.0082,1547.969
SJ,SJ_E,E,inter,B,2018,17,1,0.1887379,206.3847,1093.499
SJ,SJ_E,E,inter,B,2018,18,1,0.2402197,263.0871,1095.194
SJ,SJ_E,E,inter,B,2018,19,0,0,0,1372.571
SJ,SJ_E,E,inter,B,2018,20,0,0,0,1137.173
SJ,SJ_E,E,inter,B,2018,21,1,0.05347614,50.99109,953.5299
SJ,SJ_E,E,inter,B,2018,22,0,0,0,1476.562
SJ,SJ_E,E,inter,B,2018,23,0,0,0,1271.319
SJ,SJ_E,E,inter,B,2018,24,0,0,0,777.9122
SJ,SJ_E,E,inter,B,2018,25,1,0.02783079,11.75668,422.4343
SJ,SJ_E,E,inter,B,2018,26,1,0.000807616,1.590779,1969.721
SJ,SJ_E,E,inter,B,2018,27,1,0.009941928,13.81069,1389.136
SJ,SJ_E,E,inter,B,2018,28,1,0.09201792,220.181,2392.806
SJ,SJ_E,E,inter,B,2018,29,1,0.01100331,15.81442,1437.241
SJ,SJ_E,E,inter,B,2018,30,0,0,0,1063.766
SJ,SJ_E,E,inter,B,2018,31,0,0,0,1236.394
SJ,SJ_E,E,inter,B,2018,32,0,0,0,2111.71
SJ,SJ_E,E,inter,B,2018,33,1,0.003318086,5.506679,1659.595
SJ,SJ_E,E,inter,B,2018,34,1,0.001753392,1.605142,915.4499
SJ,SJ_E,E,inter,C,2018,1,1,0.2343621,173.4433,740.0657
SJ,SJ_E,E,inter,C,2018,2,1,0.0467895,85.06715,1818.082
SJ,SJ_E,E,inter,C,2018,3,1,0.02644062,42.39263,1603.314
SJ,SJ_E,E,inter,C,2018,4,1,0.000533591,0.5817294,1090.217
SJ,SJ_E,E,inter,C,2018,5,0,0,0,1081.158
SJ,SJ_E,E,inter,C,2018,6,1,0.05377545,99.81866,1856.212
SJ,SJ_E,E,inter,C,2018,7,1,0.00637555,18.84875,2956.412
SJ,SJ_E,E,inter,C,2018,8,1,0.02241853,42.65836,1902.817
SJ,SJ_E,E,inter,C,2018,9,1,0.005969508,4.890836,819.303
SJ,SJ_E,E,inter,C,2018,10,1,0.002359558,2.143781,908.5518
SJ,SJ_E,E,inter,C,2018,11,1,0.4138242,712.5628,1721.897
SJ,SJ_E,E,inter,C,2018,12,1,0.03695479,75.68587,2048.066
SJ,SJ_E,E,inter,C,2018,13,0,0,0,1074.311
SJ,SJ_E,E,inter,C,2018,14,1,0.3298036,519.2761,1574.501
SJ,SJ_E,E,inter,C,2018,15,1,0.01650414,15.57383,943.6315
SJ,SJ_E,E,inter,C,2018,16,1,0.03526571,22.91727,649.8456
SJ,SJ_E,E,inter,C,2018,17,1,0.0140519,17.29747,1230.97
SJ,SJ_E,E,inter,C,2018,18,0,0,0,873.2548
SJ,SJ_E,E,inter,C,2018,19,1,0.01858054,23.64802,1272.731
SJ,SJ_E,E,inter,C,2018,20,0,0,0,1160.983
SJ,SJ_E,E,inter,C,2018,21,1,0.1822547,216.9851,1190.559
SJ,SJ_E,E,inter,C,2018,22,1,0.005740558,6.790434,1182.887
SJ,SJ_E,E,inter,C,2018,23,1,0.01614005,15.1501,938.6653
SJ,SJ_E,E,inter,C,2018,24,1,0.2348243,462.1463,1968.052
SJ,SJ_E,E,inter,C,2018,25,1,0.1048528,196.5276,1874.32
SJ,SJ_E,E,inter,C,2018,26,1,0.06630715,127.6232,1924.727
SJ,SJ_E,E,inter,C,2018,27,1,0.001454627,1.67337,1150.377
SJ,SJ_E,E,inter,C,2018,28,1,0.01337065,10.26645,767.8343
SJ,SJ_E,E,inter,C,2018,29,0,0,0,839.3511
SJ,SJ_E,E,inter,C,2018,30,0,0,0,523.4918